trade_id,timestamp,ticker,side,quantity,price,notional,desk,trader
T0001,2026-08-05 09:33:43,BLIP,SELL,100,7.41,741.0,Charlie Desk,P. Chen
T0002,2026-08-05 09:34:40,FROB,SELL,1000,267.43,267430.0,Bravo Desk,R. Okafor
T0003,2026-08-05 09:35:22,BLIP,SELL,5000,7.22,36100.0,Bravo Desk,K. Ibrahim
T0004,2026-08-05 09:37:20,WIBL,SELL,250,15.58,3895.0,Alpha Desk,P. Chen
T0005,2026-08-05 09:42:47,QUUX,BUY,200,120.53,24106.0,Charlie Desk,L. Novak
T0006,2026-08-05 09:50:11,QUUX,BUY,5000,117.49,587450.0,Bravo Desk,P. Chen
T0007,2026-08-05 09:54:32,WIBL,BUY,200,15.64,3128.0,Charlie Desk,R. Okafor
T0008,2026-08-05 10:10:15,SNARF,BUY,200,89.18,17836.0,Charlie Desk,L. Novak
T0009,2026-08-05 10:11:35,FROB,SELL,200,253.77,50754.0,Charlie Desk,T. Marsh
T0010,2026-08-05 10:11:41,WIBL,BUY,1500,15.62,23430.0,Charlie Desk,T. Marsh
T0011,2026-08-05 10:11:48,QUUX,SELL,1500,118.6,177900.0,Bravo Desk,K. Ibrahim
T0012,2026-08-05 10:13:48,WIBL,SELL,5000,15.68,78400.0,Charlie Desk,L. Novak
T0013,2026-08-05 10:14:35,WIBL,SELL,200,15.5,3100.0,Alpha Desk,P. Chen
T0014,2026-08-05 10:24:54,BLIP,SELL,250,7.32,1830.0,Charlie Desk,R. Okafor
T0015,2026-08-05 10:28:26,SNARF,BUY,1500,87.34,131010.0,Alpha Desk,T. Marsh
T0016,2026-08-05 10:35:57,WIBL,BUY,250,15.92,3980.0,Charlie Desk,R. Okafor
T0017,2026-08-05 10:36:11,FROB,SELL,2500,263.8,659500.0,Charlie Desk,R. Okafor
T0018,2026-08-05 10:41:10,QUUX,BUY,100,120.41,12041.0,Charlie Desk,P. Chen
T0019,2026-08-05 10:44:51,FROB,BUY,1000,258.53,258530.0,Bravo Desk,K. Ibrahim
T0020,2026-08-05 10:44:56,ZORP,SELL,5000,43.52,217600.0,Alpha Desk,R. Okafor
T0021,2026-08-05 10:50:37,GLUM,SELL,200,32.86,6572.0,Charlie Desk,P. Chen
T0022,2026-08-05 10:51:54,GLUM,BUY,100,33.15,3315.0,Alpha Desk,K. Ibrahim
T0023,2026-08-05 10:53:33,SNARF,BUY,200,87.66,17532.0,Bravo Desk,K. Ibrahim
T0024,2026-08-05 10:56:41,GLUM,SELL,1000,33.37,33370.0,Alpha Desk,L. Novak
T0025,2026-08-05 10:58:51,ZORP,BUY,500,42.69,21345.0,Alpha Desk,P. Chen
T0026,2026-08-05 10:59:25,GLUM,BUY,500,32.55,16275.0,Bravo Desk,K. Ibrahim
T0027,2026-08-05 10:59:35,WIBL,BUY,200,15.91,3182.0,Alpha Desk,P. Chen
T0028,2026-08-05 11:09:52,JAZZ,BUY,5000,157.8,789000.0,Alpha Desk,R. Okafor
T0029,2026-08-05 11:10:45,SNARF,SELL,200,89.69,17938.0,Bravo Desk,P. Chen
T0030,2026-08-05 11:13:31,JAZZ,SELL,5000,151.87,759350.0,Charlie Desk,R. Okafor
T0031,2026-08-05 11:13:37,GLUM,SELL,500,34.14,17070.0,Alpha Desk,L. Novak
T0032,2026-08-05 11:15:14,BLIP,SELL,100,7.29,729.0,Charlie Desk,S. Delgado
T0033,2026-08-05 11:16:05,SNARF,SELL,200,87.46,17492.0,Alpha Desk,K. Ibrahim
T0034,2026-08-05 11:18:37,BLIP,SELL,500,7.47,3735.0,Charlie Desk,P. Chen
T0035,2026-08-05 11:19:17,QUUX,BUY,200,116.61,23322.0,Charlie Desk,K. Ibrahim
T0036,2026-08-05 11:25:44,GLUM,SELL,250,32.84,8210.0,Alpha Desk,P. Chen
T0037,2026-08-05 11:30:45,JAZZ,BUY,2500,155.43,388575.0,Charlie Desk,T. Marsh
T0038,2026-08-05 11:32:22,ZORP,BUY,500,42.44,21220.0,Charlie Desk,K. Ibrahim
T0039,2026-08-05 11:32:30,WIBL,SELL,200,15.97,3194.0,Alpha Desk,S. Delgado
T0040,2026-08-05 11:32:34,WIBL,SELL,1500,15.98,23970.0,Alpha Desk,R. Okafor
T0041,2026-08-05 11:36:40,SNARF,SELL,5000,89.36,446800.0,Charlie Desk,S. Delgado
T0042,2026-08-05 11:37:45,QUUX,BUY,200,121.67,24334.0,Alpha Desk,T. Marsh
T0043,2026-08-05 11:43:04,BLIP,BUY,1000,7.5,7500.0,Bravo Desk,K. Ibrahim
T0044,2026-08-05 11:43:17,GLUM,BUY,200,34.18,6836.0,Bravo Desk,P. Chen
T0045,2026-08-05 11:53:28,ZORP,SELL,2500,42.97,107425.0,Charlie Desk,S. Delgado
T0046,2026-08-05 11:55:34,GLUM,SELL,200,34.01,6802.0,Bravo Desk,K. Ibrahim
T0047,2026-08-05 11:57:59,ZORP,BUY,2500,42.18,105450.0,Alpha Desk,K. Ibrahim
T0048,2026-08-05 11:58:00,JAZZ,SELL,500,151.48,75740.0,Bravo Desk,T. Marsh
T0049,2026-08-05 11:58:53,ZORP,SELL,500,42.67,21335.0,Alpha Desk,T. Marsh
T0050,2026-08-05 11:59:58,WIBL,SELL,250,15.94,3985.0,Bravo Desk,R. Okafor
T0051,2026-08-05 12:04:09,BLIP,BUY,200,7.47,1494.0,Charlie Desk,R. Okafor
T0052,2026-08-05 12:06:55,WIBL,BUY,200,15.56,3112.0,Alpha Desk,S. Delgado
T0053,2026-08-05 12:07:27,ZORP,SELL,2500,42.81,107025.0,Alpha Desk,S. Delgado
T0054,2026-08-05 12:07:47,SNARF,BUY,100,89.35,8935.0,Bravo Desk,S. Delgado
T0055,2026-08-05 12:10:43,FROB,SELL,5000,260.37,1301850.0,Charlie Desk,P. Chen
T0056,2026-08-05 12:19:10,BLIP,BUY,200,7.18,1436.0,Bravo Desk,P. Chen
T0057,2026-08-05 12:19:16,SNARF,SELL,5000,86.0,430000.0,Bravo Desk,S. Delgado
T0058,2026-08-05 12:21:50,FROB,SELL,200,255.28,51056.0,Bravo Desk,T. Marsh
T0059,2026-08-05 12:24:34,GLUM,SELL,5000,34.21,171050.0,Charlie Desk,K. Ibrahim
T0060,2026-08-05 12:32:24,QUUX,SELL,1000,119.5,119500.0,Charlie Desk,S. Delgado
T0061,2026-08-05 12:36:08,WIBL,BUY,1500,15.36,23040.0,Alpha Desk,P. Chen
T0062,2026-08-05 12:36:37,SNARF,SELL,100,87.22,8722.0,Charlie Desk,T. Marsh
T0063,2026-08-05 12:42:05,ZORP,SELL,200,42.52,8504.0,Alpha Desk,K. Ibrahim
T0064,2026-08-05 12:42:54,FROB,SELL,1000,264.5,264500.0,Bravo Desk,L. Novak
T0065,2026-08-05 12:44:07,GLUM,SELL,5000,33.03,165150.0,Bravo Desk,S. Delgado
T0066,2026-08-05 12:44:40,BLIP,SELL,500,7.45,3725.0,Bravo Desk,P. Chen
T0067,2026-08-05 12:45:27,ZORP,SELL,5000,43.77,218850.0,Bravo Desk,L. Novak
T0068,2026-08-05 12:45:47,GLUM,SELL,200,33.19,6638.0,Alpha Desk,S. Delgado
T0069,2026-08-05 12:46:35,GLUM,SELL,1500,33.01,49515.0,Bravo Desk,S. Delgado
T0070,2026-08-05 12:55:04,BLIP,SELL,200,7.21,1442.0,Bravo Desk,K. Ibrahim
T0071,2026-08-05 12:57:13,FROB,BUY,1500,255.09,382635.0,Bravo Desk,P. Chen
T0072,2026-08-05 12:58:15,BLIP,BUY,1000,7.27,7270.0,Alpha Desk,S. Delgado
T0073,2026-08-05 13:00:17,BLIP,BUY,250,7.23,1807.5,Alpha Desk,P. Chen
T0074,2026-08-05 13:00:30,QUUX,BUY,1000,116.58,116580.0,Charlie Desk,L. Novak
T0075,2026-08-05 13:01:32,QUUX,BUY,500,117.29,58645.0,Bravo Desk,R. Okafor
T0076,2026-08-05 13:06:54,FROB,SELL,2500,252.36,630900.0,Bravo Desk,S. Delgado
T0077,2026-08-05 13:08:48,ZORP,BUY,1000,43.39,43390.0,Bravo Desk,L. Novak
T0078,2026-08-05 13:09:19,ZORP,BUY,1000,43.66,43660.0,Alpha Desk,S. Delgado
T0079,2026-08-05 13:11:22,JAZZ,SELL,100,151.06,15106.0,Charlie Desk,S. Delgado
T0080,2026-08-05 13:11:43,ZORP,BUY,5000,42.18,210900.0,Bravo Desk,K. Ibrahim
T0081,2026-08-05 13:13:35,ZORP,SELL,1000,42.53,42530.0,Bravo Desk,T. Marsh
T0082,2026-08-05 13:27:58,SNARF,SELL,2500,88.97,222425.0,Charlie Desk,K. Ibrahim
T0083,2026-08-05 13:28:17,FROB,SELL,1500,264.07,396105.0,Bravo Desk,K. Ibrahim
T0084,2026-08-05 13:31:25,SNARF,SELL,500,89.78,44890.0,Alpha Desk,S. Delgado
T0085,2026-08-05 13:32:36,QUUX,BUY,5000,116.97,584850.0,Bravo Desk,R. Okafor
T0086,2026-08-05 13:36:27,GLUM,SELL,100,33.69,3369.0,Bravo Desk,P. Chen
T0087,2026-08-05 13:38:34,GLUM,BUY,1000,33.86,33860.0,Alpha Desk,L. Novak
T0088,2026-08-05 13:39:52,SNARF,BUY,1000,86.56,86560.0,Bravo Desk,T. Marsh
T0089,2026-08-05 13:42:18,JAZZ,SELL,2500,155.51,388775.0,Charlie Desk,R. Okafor
T0090,2026-08-05 13:43:05,WIBL,BUY,250,15.57,3892.5,Charlie Desk,P. Chen
T0091,2026-08-05 13:48:03,WIBL,SELL,1000,16.06,16060.0,Alpha Desk,K. Ibrahim
T0092,2026-08-05 13:53:59,ZORP,BUY,250,42.3,10575.0,Bravo Desk,S. Delgado
T0093,2026-08-05 13:59:33,BLIP,BUY,2500,7.54,18850.0,Bravo Desk,S. Delgado
T0094,2026-08-05 13:59:39,GLUM,SELL,1500,34.25,51375.0,Alpha Desk,S. Delgado
T0095,2026-08-05 14:03:11,BLIP,SELL,200,7.35,1470.0,Bravo Desk,P. Chen
T0096,2026-08-05 14:08:15,QUUX,BUY,1500,121.19,181785.0,Alpha Desk,T. Marsh
T0097,2026-08-05 14:19:45,GLUM,BUY,5000,32.91,164550.0,Alpha Desk,L. Novak
T0098,2026-08-05 14:22:13,SNARF,SELL,1000,86.89,86890.0,Charlie Desk,S. Delgado
T0099,2026-08-05 14:22:31,FROB,BUY,5000,257.09,1285450.0,Charlie Desk,S. Delgado
T0100,2026-08-05 14:30:16,JAZZ,SELL,500,152.8,76400.0,Alpha Desk,K. Ibrahim
T0101,2026-08-05 14:31:06,QUUX,SELL,1500,119.36,179040.0,Charlie Desk,S. Delgado
T0102,2026-08-05 14:31:35,BLIP,BUY,1000,7.4,7400.0,Bravo Desk,P. Chen
T0103,2026-08-05 14:34:33,ZORP,SELL,100,42.45,4245.0,Charlie Desk,T. Marsh
T0104,2026-08-05 14:35:25,GLUM,SELL,2500,33.49,83725.0,Bravo Desk,P. Chen
T0105,2026-08-05 14:35:46,JAZZ,BUY,250,153.1,38275.0,Charlie Desk,P. Chen
T0106,2026-08-05 14:37:22,ZORP,BUY,100,42.42,4242.0,Bravo Desk,K. Ibrahim
T0107,2026-08-05 14:38:13,GLUM,BUY,1000,33.87,33870.0,Bravo Desk,R. Okafor
T0108,2026-08-05 14:38:43,JAZZ,BUY,1000,154.62,154620.0,Bravo Desk,K. Ibrahim
T0109,2026-08-05 14:40:56,FROB,BUY,1000,258.5,258500.0,Alpha Desk,L. Novak
T0110,2026-08-05 14:42:03,BLIP,SELL,100,7.36,736.0,Alpha Desk,R. Okafor
T0111,2026-08-05 14:42:08,GLUM,SELL,5000,34.41,172050.0,Charlie Desk,R. Okafor
T0112,2026-08-05 14:43:03,FROB,SELL,5000,260.02,1300100.0,Bravo Desk,T. Marsh
T0113,2026-08-05 14:43:20,ZORP,SELL,1500,43.75,65625.0,Bravo Desk,K. Ibrahim
T0114,2026-08-05 14:46:09,FROB,BUY,2500,258.93,647325.0,Bravo Desk,P. Chen
T0115,2026-08-05 14:46:57,QUUX,SELL,2500,119.52,298800.0,Charlie Desk,R. Okafor
T0116,2026-08-05 14:46:58,FROB,SELL,200,258.74,51748.0,Charlie Desk,P. Chen
T0117,2026-08-05 14:47:09,JAZZ,BUY,250,151.13,37782.5,Charlie Desk,S. Delgado
T0118,2026-08-05 14:47:56,BLIP,BUY,2500,7.21,18025.0,Charlie Desk,K. Ibrahim
T0119,2026-08-05 14:49:13,JAZZ,SELL,1500,154.05,231075.0,Charlie Desk,S. Delgado
T0120,2026-08-05 14:50:33,GLUM,SELL,1500,33.35,50025.0,Bravo Desk,R. Okafor
T0121,2026-08-05 14:53:30,GLUM,BUY,2500,33.87,84675.0,Alpha Desk,T. Marsh
T0122,2026-08-05 14:57:48,QUUX,SELL,200,115.6,23120.0,Charlie Desk,P. Chen
T0123,2026-08-05 15:02:06,QUUX,BUY,500,119.54,59770.0,Bravo Desk,P. Chen
T0124,2026-08-05 15:07:07,FROB,BUY,200,252.83,50566.0,Alpha Desk,R. Okafor
T0125,2026-08-05 15:09:09,FROB,BUY,500,257.59,128795.0,Bravo Desk,K. Ibrahim
T0126,2026-08-05 15:09:20,FROB,BUY,1500,264.79,397185.0,Charlie Desk,T. Marsh
T0127,2026-08-05 15:10:54,JAZZ,SELL,250,158.16,39540.0,Alpha Desk,K. Ibrahim
T0128,2026-08-05 15:12:55,BLIP,SELL,250,7.38,1845.0,Charlie Desk,R. Okafor
T0129,2026-08-05 15:18:55,WIBL,SELL,200,15.66,3132.0,Alpha Desk,R. Okafor
T0130,2026-08-05 15:23:13,WIBL,SELL,100,16.24,1624.0,Charlie Desk,R. Okafor
T0131,2026-08-05 15:23:16,GLUM,BUY,1000,33.65,33650.0,Alpha Desk,L. Novak
T0132,2026-08-05 15:26:16,WIBL,SELL,200,15.79,3158.0,Alpha Desk,T. Marsh
T0133,2026-08-05 15:26:47,WIBL,BUY,200,15.42,3084.0,Charlie Desk,T. Marsh
T0134,2026-08-05 15:27:47,WIBL,SELL,1500,15.72,23580.0,Charlie Desk,L. Novak
T0135,2026-08-05 15:28:19,JAZZ,BUY,1500,159.17,238755.0,Alpha Desk,R. Okafor
T0136,2026-08-05 15:28:57,ZORP,BUY,1000,43.08,43080.0,Charlie Desk,P. Chen
T0137,2026-08-05 15:33:18,SNARF,BUY,250,90.24,22560.0,Alpha Desk,S. Delgado
T0138,2026-08-05 15:34:03,FROB,SELL,100,253.41,25341.0,Alpha Desk,P. Chen
T0139,2026-08-05 15:35:16,BLIP,SELL,1000,7.35,7350.0,Bravo Desk,R. Okafor
T0140,2026-08-05 15:46:55,WIBL,SELL,500,16.15,8075.0,Bravo Desk,S. Delgado
T0141,2026-08-05 15:48:16,SNARF,SELL,2500,90.36,225900.0,Charlie Desk,P. Chen
T0142,2026-08-05 15:48:18,QUUX,SELL,100,119.06,11906.0,Charlie Desk,S. Delgado
T0143,2026-08-05 15:48:44,GLUM,BUY,5000,32.91,164550.0,Bravo Desk,R. Okafor
T0144,2026-08-05 15:49:05,JAZZ,SELL,250,151.16,37790.0,Bravo Desk,R. Okafor
T0145,2026-08-05 15:50:31,SNARF,BUY,250,88.86,22215.0,Bravo Desk,R. Okafor
T0146,2026-08-05 15:51:10,QUUX,SELL,200,114.95,22990.0,Bravo Desk,L. Novak
T0147,2026-08-05 15:51:29,GLUM,SELL,5000,33.57,167850.0,Bravo Desk,R. Okafor
T0148,2026-08-05 15:52:16,FROB,SELL,1000,255.5,255500.0,Bravo Desk,T. Marsh
T0149,2026-08-05 15:57:29,QUUX,BUY,5000,117.63,588150.0,Alpha Desk,P. Chen
T0150,2026-08-05 15:58:27,JAZZ,SELL,1000,155.63,155630.0,Bravo Desk,S. Delgado
