title,type,genre,release_year,audience_rating,duration,country,viewer_score
Broken Circuit,Series,Comedy,1998,All Ages,6 Seasons,India,4.1
Hollow Voyage,Movie,Documentary,1998,Mature,135 min,India,8.6
Last Meridian II,Movie,Sci-Fi,1998,All Ages,91 min,India,4.2
Lost Circuit,Movie,Documentary,1998,Mature,93 min,Canada,8.9
Lost Ledger,Movie,Romance,1998,Teen,104 min,France,6.0
Lost Ledger Returns,Movie,Sci-Fi,1998,Mature,78 min,Australia,7.4
Silent Voyage III,Series,Comedy,1998,Teen,1 Seasons,Canada,6.5
Velvet Horizon,Movie,Drama,1998,All Ages,81 min,Japan,7.0
Wandering Ledger,Series,Comedy,1998,Teen,2 Seasons,USA,9.5
Wandering Mirror,Series,Animation,1998,Teen,6 Seasons,Japan,6.9
Winter Ledger,Series,Documentary,1998,Mature,6 Seasons,Australia,8.2
Broken Compass,Movie,Crime,1999,All Ages,163 min,UK,4.3
Crimson Circuit,Series,Sci-Fi,1999,All Ages,6 Seasons,Australia,9.1
Hidden Harbor,Movie,Animation,1999,All Ages,130 min,Japan,6.1
Hollow Archive,Series,Comedy,1999,Teen,6 Seasons,USA,9.8
Iron Ledger,Series,Comedy,1999,Teen,2 Seasons,UK,7.7
Neon Voyage,Series,Animation,1999,Mature,6 Seasons,Germany,9.1
Silent Archive II,Movie,Crime,1999,Mature,144 min,France,7.6
Silent Voyage,Movie,Comedy,1999,All Ages,164 min,Australia,8.8
Wandering Summit,Series,Animation,1999,Mature,3 Seasons,India,8.0
Crimson Static III,Movie,Documentary,2000,Mature,88 min,France,5.6
Hollow Voyage Origins,Series,Sci-Fi,2000,Teen,1 Seasons,Brazil,7.2
Lost Signal,Movie,Sci-Fi,2000,Teen,134 min,USA,5.0
Neon Meridian,Series,Comedy,2000,All Ages,6 Seasons,France,9.4
Silent Parade,Series,Thriller,2000,Teen,6 Seasons,Australia,4.3
Wandering Harbor,Series,Animation,2000,Teen,1 Seasons,Brazil,7.1
Wandering Voyage,Series,Comedy,2000,Teen,4 Seasons,UK,4.6
Winter Meridian,Movie,Animation,2000,All Ages,93 min,Japan,5.8
Broken Circuit III,Series,Comedy,2001,Teen,5 Seasons,India,8.0
Broken Garden II,Movie,Comedy,2001,Teen,105 min,France,5.7
Midnight Garden,Series,Sci-Fi,2001,Mature,1 Seasons,South Korea,8.2
Midnight Summit,Movie,Crime,2001,Teen,112 min,Japan,5.0
Silent Circuit,Movie,Drama,2001,All Ages,97 min,Australia,9.5
Silent Garden Returns,Series,Thriller,2001,All Ages,4 Seasons,UK,6.4
Wandering Horizon,Movie,Comedy,2001,All Ages,127 min,India,7.2
Wandering Meridian Returns,Movie,Documentary,2001,Mature,108 min,Japan,7.1
Winter Parade,Movie,Drama,2001,All Ages,154 min,Japan,4.9
Broken Meridian II,Series,Documentary,2002,Teen,2 Seasons,Canada,4.2
Crimson Horizon,Movie,Comedy,2002,Mature,78 min,UK,4.4
Hollow Ledger,Series,Documentary,2002,Mature,2 Seasons,Canada,5.2
Iron Signal,Series,Comedy,2002,Mature,3 Seasons,Brazil,6.5
Last Voyage,Series,Drama,2002,Teen,2 Seasons,Brazil,9.7
Paper Circuit III,Series,Comedy,2002,All Ages,2 Seasons,Germany,7.2
Broken Lantern,Movie,Sci-Fi,2003,Mature,91 min,India,6.6
Crimson Ledger II,Series,Crime,2003,Teen,6 Seasons,South Korea,6.3
Electric Static II,Series,Documentary,2003,Mature,1 Seasons,India,6.2
Hollow Compass,Series,Crime,2003,Teen,4 Seasons,South Korea,5.6
Iron Static,Movie,Sci-Fi,2003,Mature,95 min,France,8.1
Lost Voyage,Movie,Animation,2003,All Ages,159 min,India,6.4
Silent Orchard,Series,Romance,2003,Mature,3 Seasons,Japan,7.6
Wandering Meridian,Movie,Sci-Fi,2003,Teen,149 min,Japan,8.8
Crimson Meridian,Movie,Sci-Fi,2004,All Ages,105 min,Brazil,9.7
Electric Orchard,Movie,Crime,2004,All Ages,153 min,Japan,9.5
Hollow Horizon,Movie,Documentary,2004,All Ages,172 min,Germany,8.0
Hollow Meridian,Movie,Crime,2004,All Ages,150 min,India,9.1
Iron Garden,Movie,Crime,2004,Teen,94 min,Germany,8.0
Neon Mirror,Movie,Animation,2004,Mature,93 min,USA,7.7
Hidden Orchard,Movie,Animation,2005,Mature,148 min,Japan,8.1
Paper Circuit,Movie,Comedy,2005,Teen,78 min,Japan,8.3
Silent Horizon,Series,Thriller,2005,Teen,6 Seasons,Canada,6.2
Velvet Parade,Series,Sci-Fi,2005,Teen,6 Seasons,Canada,9.7
Wandering Harbor III,Movie,Animation,2005,All Ages,141 min,Germany,5.1
Winter Summit,Series,Sci-Fi,2005,All Ages,5 Seasons,Germany,4.2
Electric Summit,Movie,Documentary,2006,All Ages,134 min,Canada,5.6
Hidden Parade,Movie,Documentary,2006,All Ages,134 min,Canada,6.1
Last Garden,Series,Documentary,2006,Mature,6 Seasons,USA,8.1
Midnight Archive,Movie,Sci-Fi,2006,All Ages,88 min,India,8.4
Velvet Archive Returns,Movie,Animation,2006,All Ages,103 min,Germany,7.2
Winter Garden,Series,Crime,2006,Teen,1 Seasons,Germany,5.1
Hidden Harbor Returns,Series,Animation,2007,All Ages,4 Seasons,France,9.3
Last Orchard III,Movie,Animation,2007,All Ages,93 min,Germany,4.9
Lost Lantern,Series,Comedy,2007,Mature,3 Seasons,South Korea,7.1
Midnight Meridian,Series,Crime,2007,All Ages,4 Seasons,UK,6.4
Paper Ledger,Series,Comedy,2007,Mature,3 Seasons,Australia,4.7
Broken Garden,Movie,Drama,2008,All Ages,135 min,France,8.6
Crimson Static,Movie,Crime,2008,Mature,163 min,Brazil,6.2
Midnight Static,Movie,Animation,2008,Teen,89 min,South Korea,9.2
Paper Parade,Series,Thriller,2008,Teen,3 Seasons,USA,6.5
Silent Harbor Origins,Series,Drama,2008,Mature,6 Seasons,South Korea,5.7
Hollow Harbor,Series,Documentary,2009,Mature,1 Seasons,India,8.7
Iron Orchard Origins,Movie,Animation,2009,Teen,150 min,USA,7.4
Lost Archive,Series,Romance,2009,All Ages,3 Seasons,Japan,4.5
Paper Harbor,Movie,Documentary,2009,All Ages,81 min,Germany,4.6
Paper Harbor Origins,Series,Drama,2009,Teen,1 Seasons,UK,6.4
Paper Orchard,Movie,Comedy,2009,Mature,155 min,Brazil,5.7
Silent Signal,Movie,Comedy,2009,Mature,112 min,South Korea,6.9
Winter Mirror Origins,Movie,Animation,2009,All Ages,118 min,Canada,5.3
Winter Voyage,Movie,Drama,2009,Mature,83 min,Japan,9.3
Broken Compass II,Series,Crime,2010,All Ages,3 Seasons,UK,8.3
Iron Mirror,Movie,Romance,2010,Teen,88 min,Australia,4.2
Lost Circuit Returns,Movie,Documentary,2010,Teen,124 min,South Korea,6.8
Neon Summit Returns,Series,Thriller,2010,Mature,3 Seasons,Canada,9.1
Paper Archive,Series,Documentary,2010,All Ages,1 Seasons,Germany,5.2
Paper Archive Returns,Movie,Romance,2010,Mature,115 min,France,7.8
Winter Circuit,Movie,Sci-Fi,2010,All Ages,169 min,Germany,4.7
Electric Circuit,Movie,Drama,2011,Teen,111 min,France,4.7
Last Static,Movie,Romance,2011,All Ages,138 min,India,8.4
Last Voyage Returns,Series,Animation,2011,Teen,5 Seasons,Japan,9.3
Lost Compass,Movie,Thriller,2011,All Ages,126 min,Brazil,9.0
Neon Orchard,Series,Sci-Fi,2011,Mature,1 Seasons,Japan,9.7
Silent Garden,Series,Comedy,2011,All Ages,6 Seasons,Japan,6.2
Silent Harbor,Movie,Thriller,2011,Teen,160 min,Japan,8.2
Silent Harbor II,Movie,Thriller,2011,Teen,140 min,USA,7.2
Silent Horizon II,Movie,Documentary,2011,Teen,93 min,USA,5.4
Silent Voyage Origins,Series,Documentary,2011,Mature,1 Seasons,USA,9.4
Crimson Ledger,Movie,Romance,2012,Mature,157 min,France,5.9
Midnight Summit II,Series,Comedy,2012,Teen,3 Seasons,South Korea,7.4
Paper Lantern,Series,Romance,2012,All Ages,6 Seasons,USA,9.2
Paper Parade Returns,Movie,Comedy,2012,Teen,150 min,UK,9.2
Wandering Signal,Series,Animation,2012,Teen,6 Seasons,Australia,7.3
Winter Archive,Movie,Documentary,2012,All Ages,88 min,India,6.0
Broken Archive,Series,Animation,2013,Mature,1 Seasons,Brazil,8.1
Broken Mirror,Movie,Romance,2013,Teen,112 min,South Korea,5.1
Crimson Archive,Series,Animation,2013,All Ages,5 Seasons,India,9.6
Paper Garden,Movie,Drama,2013,Teen,130 min,France,9.0
Winter Compass,Series,Thriller,2013,Mature,6 Seasons,Germany,5.5
Winter Lantern,Series,Animation,2013,All Ages,4 Seasons,Canada,7.4
Golden Ledger,Series,Crime,2014,Mature,4 Seasons,Brazil,8.9
Golden Summit,Movie,Thriller,2014,Teen,170 min,USA,6.2
Hidden Summit,Movie,Crime,2014,Mature,118 min,Japan,5.5
Hollow Static,Series,Sci-Fi,2014,All Ages,1 Seasons,Canada,7.4
Iron Mirror Origins,Series,Comedy,2014,All Ages,2 Seasons,Australia,6.4
Neon Summit,Series,Romance,2014,All Ages,2 Seasons,Australia,9.1
Crimson Mirror,Movie,Thriller,2015,Mature,126 min,UK,4.8
Hidden Signal,Series,Animation,2015,Mature,4 Seasons,South Korea,8.6
Last Archive,Movie,Thriller,2015,Mature,127 min,Germany,7.3
Neon Garden,Movie,Thriller,2015,Mature,115 min,Australia,9.0
Neon Signal,Series,Thriller,2015,Mature,4 Seasons,Canada,8.0
Velvet Orchard,Movie,Drama,2015,All Ages,120 min,USA,5.0
Golden Mirror,Series,Thriller,2016,All Ages,6 Seasons,Germany,9.4
Last Summit,Series,Comedy,2016,All Ages,6 Seasons,Germany,6.7
Wandering Garden,Movie,Drama,2016,Teen,97 min,Canada,9.3
Winter Static,Series,Romance,2016,Mature,6 Seasons,USA,5.9
Crimson Lantern,Movie,Thriller,2017,All Ages,161 min,Japan,6.6
Hollow Voyage III,Series,Animation,2017,All Ages,4 Seasons,South Korea,9.2
Iron Circuit,Series,Drama,2017,Mature,3 Seasons,India,9.2
Iron Meridian,Movie,Thriller,2017,All Ages,95 min,India,6.6
Paper Meridian,Series,Crime,2017,Teen,1 Seasons,UK,7.6
Silent Parade Returns,Series,Drama,2017,Teen,5 Seasons,Japan,9.0
Wandering Lantern,Movie,Drama,2017,Teen,111 min,South Korea,7.7
Golden Orchard,Series,Documentary,2018,Teen,2 Seasons,Canada,7.1
Hollow Circuit,Movie,Comedy,2018,Mature,103 min,Germany,6.9
Iron Voyage III,Movie,Romance,2018,All Ages,128 min,UK,5.0
Last Signal,Movie,Comedy,2018,Mature,96 min,India,7.7
Neon Parade,Series,Crime,2018,Mature,1 Seasons,India,4.3
Wandering Voyage III,Series,Romance,2018,All Ages,4 Seasons,Japan,6.9
Crimson Lantern II,Series,Animation,2019,Teen,4 Seasons,South Korea,4.3
Golden Compass,Series,Comedy,2019,All Ages,2 Seasons,Japan,5.4
Golden Garden,Movie,Documentary,2019,Teen,132 min,Japan,4.6
Iron Mirror Returns,Movie,Crime,2019,Teen,124 min,France,5.4
Last Voyage Origins,Series,Thriller,2019,Mature,1 Seasons,USA,7.8
Silent Horizon Returns,Series,Animation,2019,Teen,2 Seasons,Canada,6.5
Silent Meridian III,Series,Thriller,2019,Mature,5 Seasons,Germany,9.2
Silent Parade Origins,Movie,Crime,2019,All Ages,155 min,South Korea,4.1
Velvet Circuit,Movie,Thriller,2019,All Ages,123 min,Australia,6.1
Wandering Voyage Returns,Series,Drama,2019,Teen,1 Seasons,Brazil,4.9
Winter Mirror,Movie,Thriller,2019,Mature,144 min,Japan,6.2
Broken Static,Movie,Drama,2020,Mature,165 min,France,4.6
Electric Lantern,Series,Sci-Fi,2020,Mature,4 Seasons,India,6.9
Hollow Orchard,Movie,Crime,2020,All Ages,101 min,Canada,8.5
Last Circuit,Series,Thriller,2020,All Ages,6 Seasons,Brazil,5.5
Last Meridian,Series,Sci-Fi,2020,All Ages,2 Seasons,USA,5.3
Lost Voyage III,Series,Romance,2020,Teen,1 Seasons,Germany,4.6
Silent Archive,Movie,Crime,2020,All Ages,85 min,Germany,7.0
Silent Orchard Returns,Movie,Drama,2020,Mature,163 min,Japan,5.8
Velvet Archive,Series,Documentary,2020,All Ages,1 Seasons,Japan,6.3
Winter Garden Origins,Movie,Crime,2020,Teen,162 min,UK,7.9
Iron Voyage,Series,Crime,2021,All Ages,5 Seasons,France,5.4
Last Mirror,Series,Crime,2021,Mature,2 Seasons,Japan,8.6
Midnight Summit Returns,Series,Crime,2021,All Ages,5 Seasons,Brazil,9.3
Paper Static,Series,Comedy,2021,All Ages,4 Seasons,UK,6.1
Silent Meridian,Movie,Crime,2021,Teen,171 min,USA,9.1
Wandering Circuit,Series,Romance,2021,All Ages,2 Seasons,France,4.3
Crimson Harbor,Movie,Documentary,2022,All Ages,86 min,UK,7.3
Electric Static,Series,Comedy,2022,All Ages,6 Seasons,Canada,9.0
Hidden Parade Origins,Series,Sci-Fi,2022,All Ages,6 Seasons,Brazil,4.7
Iron Circuit II,Movie,Comedy,2022,All Ages,104 min,Canada,9.3
Iron Orchard,Movie,Sci-Fi,2022,Mature,160 min,UK,7.6
Last Orchard,Movie,Romance,2022,Mature,125 min,Australia,9.7
Midnight Signal,Series,Documentary,2022,Mature,3 Seasons,USA,7.7
Velvet Voyage,Movie,Documentary,2022,Mature,99 min,South Korea,7.6
Crimson Signal,Series,Crime,2023,Teen,5 Seasons,South Korea,9.0
Electric Archive,Series,Romance,2023,All Ages,5 Seasons,South Korea,5.1
Electric Compass,Series,Animation,2023,Mature,3 Seasons,India,9.2
Golden Summit III,Movie,Documentary,2023,All Ages,92 min,India,6.0
Hollow Signal,Series,Crime,2023,Mature,4 Seasons,UK,6.2
Iron Ledger Returns,Movie,Animation,2023,Teen,114 min,Canada,6.1
Wandering Meridian Origins,Series,Documentary,2023,All Ages,6 Seasons,USA,5.8
Winter Lantern III,Movie,Sci-Fi,2023,Mature,111 min,Australia,9.7
Broken Ledger,Movie,Comedy,2024,All Ages,124 min,France,4.8
Golden Archive,Movie,Thriller,2024,Teen,130 min,Australia,6.0
Last Lantern,Movie,Documentary,2024,All Ages,122 min,Japan,5.2
Neon Mirror Returns,Series,Crime,2024,Teen,3 Seasons,USA,6.2
Neon Signal Returns,Movie,Romance,2024,Teen,170 min,Germany,4.7
Broken Meridian,Series,Thriller,2025,All Ages,4 Seasons,USA,8.0
Crimson Orchard,Series,Animation,2025,Teen,3 Seasons,Canada,8.6
Golden Static,Movie,Comedy,2025,Mature,79 min,India,6.0
Last Garden III,Series,Animation,2025,Mature,6 Seasons,South Korea,8.4
Last Horizon,Movie,Thriller,2025,Teen,150 min,Japan,6.5
Neon Ledger,Movie,Crime,2025,Mature,130 min,UK,4.4
